{"cameraMode":{"drawMode":0,"name":"Shaded","section":"Shading Mode"},"sceneLighting":true,"audioPlay":false,"sceneViewState":{"m_AlwaysRefresh":false,"showFog":true,"showSkybox":true,"showFlares":true,"showImageEffects":true,"showParticleSystems":true,"showVisualEffectGraphs":true,"m_FxEnabled":true},"in2DMode":false,"pivot":{"x":0.4165252447128296,"y":4.829994201660156,"z":0.47379061579704287},"rotation":{"x":0.26863160729408266,"y":0.6915328502655029,"z":-0.3143337070941925,"w":0.5921804904937744},"size":1.4768043756484986,"orthographic":false}