{"cameraMode":{"drawMode":0,"name":"Shaded","section":"Shading Mode"},"sceneLighting":true,"audioPlay":false,"sceneViewState":{"m_AlwaysRefresh":false,"showFog":true,"showSkybox":true,"showFlares":true,"showImageEffects":true,"showParticleSystems":true,"showVisualEffectGraphs":true,"m_FxEnabled":true},"in2DMode":false,"pivot":{"x":-0.5495688319206238,"y":4.307075500488281,"z":0.2554704546928406},"rotation":{"x":-0.2871178984642029,"y":-0.7105647921562195,"z":0.48356324434280398,"w":-0.42271652817726138},"size":1.4768043756484986,"orthographic":false}