{"cameraMode":{"drawMode":0,"name":"Shaded","section":"Shading Mode"},"sceneLighting":false,"audioPlay":false,"sceneViewState":{"m_AlwaysRefresh":false,"showFog":true,"showSkybox":false,"showFlares":true,"showImageEffects":true,"showParticleSystems":true,"showVisualEffectGraphs":true,"m_FxEnabled":true},"in2DMode":false,"pivot":{"x":-0.22050841152668,"y":0.2863174378871918,"z":0.7346526980400086},"rotation":{"x":0.0013713487423956395,"y":-0.9943503737449646,"z":0.10509731620550156,"w":0.009830440394580365},"size":1.8202235698699952,"orthographic":false}